﻿<?xml version="1.0" encoding="utf-8"?>
<cms.contentitem>
  <ContentItemContentFolderID>
    <CodeName>Root</CodeName>
    <GUID>9d6509a4-a231-4837-8f1c-81a90705f988</GUID>
    <ObjectType>cms.contentfolder</ObjectType>
  </ContentItemContentFolderID>
  <ContentItemContentTypeID>
    <CodeName>DancingGoat.Grinder</CodeName>
    <GUID>fa282f6c-4f05-435e-b520-720d1a5347d8</GUID>
    <ObjectType>cms.contenttype</ObjectType>
  </ContentItemContentTypeID>
  <ContentItemGUID>1aaa937c-1423-4b69-947c-d1d5d1374a2e</ContentItemGUID>
  <ContentItemIsReusable>True</ContentItemIsReusable>
  <ContentItemIsSecured>False</ContentItemIsSecured>
  <ContentItemName>AnfimSuperCaimano-o6tkko7z</ContentItemName>
  <ContentItemWorkspaceID>
    <CodeName>KenticoDefault</CodeName>
    <GUID>43f674d6-540d-4f91-8c19-608b5bddb2f2</GUID>
    <ObjectType>cms.workspace</ObjectType>
  </ContentItemWorkspaceID>
</cms.contentitem>