﻿<?xml version="1.0" encoding="utf-8"?>
<cms.contentitem>
  <ContentItemContentFolderID>
    <CodeName>Root</CodeName>
    <GUID>9d6509a4-a231-4837-8f1c-81a90705f988</GUID>
    <ObjectType>cms.contentfolder</ObjectType>
  </ContentItemContentFolderID>
  <ContentItemContentTypeID>
    <CodeName>DancingGoat.Image</CodeName>
    <GUID>fd1947a4-e04b-441b-a76c-1ed826fb766e</GUID>
    <ObjectType>cms.contenttype</ObjectType>
  </ContentItemContentTypeID>
  <ContentItemGUID>6e836ba2-d57d-4d48-8504-af6706166e34</ContentItemGUID>
  <ContentItemIsReusable>True</ContentItemIsReusable>
  <ContentItemIsSecured>False</ContentItemIsSecured>
  <ContentItemName>
    <![CDATA[Events_Nathan-dumlao-I_394sxx0ec-unsplash_1_50.jpg-n0loguga]]>
  </ContentItemName>
  <ContentItemWorkspaceID>
    <CodeName>KenticoDefault</CodeName>
    <GUID>43f674d6-540d-4f91-8c19-608b5bddb2f2</GUID>
    <ObjectType>cms.workspace</ObjectType>
  </ContentItemWorkspaceID>
</cms.contentitem>