﻿<?xml version="1.0" encoding="utf-8"?>
<cms.contentitem>
  <ContentItemContentFolderID>
    <CodeName>Root</CodeName>
    <GUID>9d6509a4-a231-4837-8f1c-81a90705f988</GUID>
    <ObjectType>cms.contentfolder</ObjectType>
  </ContentItemContentFolderID>
  <ContentItemContentTypeID>
    <CodeName>DancingGoat.SocialLink</CodeName>
    <GUID>574194b1-fe00-42ac-bd59-0b60b11d8faa</GUID>
    <ObjectType>cms.contenttype</ObjectType>
  </ContentItemContentTypeID>
  <ContentItemGUID>015129c5-8972-47b8-963c-e3d52ef69e7e</ContentItemGUID>
  <ContentItemIsReusable>True</ContentItemIsReusable>
  <ContentItemIsSecured>False</ContentItemIsSecured>
  <ContentItemName>Twitter-i4s1h9pp</ContentItemName>
  <ContentItemWorkspaceID>
    <CodeName>KenticoDefault</CodeName>
    <GUID>43f674d6-540d-4f91-8c19-608b5bddb2f2</GUID>
    <ObjectType>cms.workspace</ObjectType>
  </ContentItemWorkspaceID>
</cms.contentitem>