﻿<?xml version="1.0" encoding="utf-8"?>
<cms.contentfolder>
  <ContentFolderCreatedWhen>2023-12-31 23:00:00Z</ContentFolderCreatedWhen>
  <ContentFolderDisplayName>Root</ContentFolderDisplayName>
  <ContentFolderGUID>9d6509a4-a231-4837-8f1c-81a90705f988</ContentFolderGUID>
  <ContentFolderName>Root</ContentFolderName>
  <ContentFolderTreePath>/</ContentFolderTreePath>
  <ContentFolderWorkspaceID>
    <CodeName>KenticoDefault</CodeName>
    <GUID>43f674d6-540d-4f91-8c19-608b5bddb2f2</GUID>
    <ObjectType>cms.workspace</ObjectType>
  </ContentFolderWorkspaceID>
</cms.contentfolder>