﻿<?xml version="1.0" encoding="utf-8"?>
<contentitemdata.dancinggoat.image>
  <ContentItemDataCommonDataID>
    <GUID>22fd9f29-6e29-4007-b90c-5daee961a9ec</GUID>
    <ObjectType>cms.contentitemcommondata</ObjectType>
    <Parent>
      <CodeName>Logos_Logo-dancing-goat.png-1gxova27</CodeName>
      <GUID>96aaf7e4-b57b-4fb4-ae2c-25e8191e7079</GUID>
      <ObjectType>cms.contentitem</ObjectType>
    </Parent>
  </ContentItemDataCommonDataID>
  <ContentItemDataGUID>3a9229f3-ea47-4916-ba80-02dfe3ac25f0</ContentItemDataGUID>
  <ImageFile>
    <![CDATA[{"Identifier":"212bf95b-ed86-46c1-8002-e11c23f4ad8c","Name":"logo-dancing-goat.png","Extension":".png","Size":2552,"Width":192,"Height":57,"LastModified":"2023-08-07T15:55:31.6227636Z"}]]>
  </ImageFile>
</contentitemdata.dancinggoat.image>